,content,event,language,nid,time,title,url
0,"　　【环球时报赴新加坡特派记者 郭媛丹 甄翔 柳玉鹏】“如果有人胆敢把台湾从中国分裂出去，中国军队别无选择，必将不惜一战，必将不惜一切代价，坚决维护祖国统一。”2日，中国国务委员兼国防部长魏凤和在新加坡香格里拉对话会发表演讲时，这样强调维护国家主权的决心。此前一天，美国代理防长沙纳汉在香会演讲中称，美国将根据“与台湾关系法”，继续向台湾提供支持。五角大楼当天还发布“印太战略报告”，声称寻求与台湾建立“强有力的伙伴关系”。作为亚太地区颇有影响的安全对话会议，香会可以说见惯了中美间的攻防与“硝烟”，这些年美国没少在香会上指责中国，挑拨矛盾。这次也不例外，宣扬“印太战略”的同时，沙纳汉再次在南海等问题上指责中国。“究竟是谁在威胁南海安全稳定？”魏凤和针对南海问题表示，近年来个别域外国家打着所谓维护“航行自由”的幌子到南海显示肌肉，这恰恰是南海最大的不稳定不确定因素。 　　“中国防长：将不惜一切代价维护国家统一。”路透社2日以此为题报道了魏凤和在香会上的演讲。谈到台湾问题时，魏凤和表示，世界上没有任何一个国家会容忍国家分裂。“这里，我要正告民进党当局和外部干涉势力。第一，任何分裂中国的企图都不可能得逞。第二，任何干涉台湾问题的行径都注定失败。我留意到美方发言。我想问，‘与台湾关系法’是台湾的法？还是美国的法？是中国的法？还是世界的法？还是联合国的法？美国这是利用国内法干涉中国的内政。第三，任何对中国军队决心意志的低估都极其危险”。 　　《印度快报》评论称，美国政府近来增加了对台湾防务的支持，包括美国军舰驶过台湾海峡，这些动作引发中方愤怒。5月份，台湾安全事务负责人李大维与美国总统国家安全事务助理博尔顿进行会面，这是40多年来双方安全高官首度进行这样的会晤。 　　“中国不会被美国欺凌”，美国有线电视新闻网(CNN)报道称，在中美贸易战以及南海、台海局势紧张背景下，魏凤和2日对美国发出严厉驳斥。他质问美国的“与台湾关系法”，并列举林肯打赢南北战争、防止美国分裂的例子说：“美国统一不可分割，中国当然也统一不可分割。”沙纳汉此前一天在发言中要求中方遵守“基于规则的秩序”。魏凤和就南海问题反问道：“谁在威胁南海安全稳定？”他给出的答案是，来“显示肌肉”的域外国家：“个别大国到处插手地区事务、制造乱局，最终一走了之，留下一堆烂摊子的事例还少吗？”
 　　新加坡《联合早报》网站称，魏凤和在香会上不点名批评美国“退群”，并不点名反击美国官员近日提出的“文明冲突论”。他表示，中国不觊觎他国利益，但坚决不放弃正当权益。“正如最近美国对我们发动经贸摩擦，要谈，大门敞开;要打，奉陪到底。”演讲结束后，现场提问踊跃。魏凤和在有限时间内几乎回应了所有问题，与现场互动热络。
",南海主权,chinese,huanqio-2019-06-03 10:29-0,2019-06-03 10:29,中国防长强调捍卫主权决心 质问谁在南海生事,http://mil.huanqiu.com/world/2019-06/14965750.html
1," 美国总统特朗普签署“2019财年国防授权法案”现场图（图源：美联社） 　　以美国“2019财年国防授权法案”（以下简称“2019法案”）签署生效为标志，美国的“印太战略”进入了拥有法案支持和实质性的操作阶段。 　　事实上，仔细梳理，不难发现，从抽象概念到实质内容的阐述再到实施方案的逐步成型，美国的“印太战略”呈现了加速推进的趋势。2017年11月，特朗普政府提出“印太战略”构想；2018年6月美国国防部长马蒂斯在第17届“香格里拉对话会”详细阐释了“印太战略”；8月出台“2019法案”。“印太战略”的战略意图、详细规划、实施路径日渐清晰，时间节奏明显加快。正如美国防部负责亚太事务的助理部长薛瑞福（Randall Schriver）所言，“印太战略”最大优势是得到了国会的拨款支持，国会完全承诺支持美国的国防需要。 　　可以预见的是，今后随着包含高达7163亿美元国防预算的“2019法案”的实施，美国势必将逐步加大在包括南海地区在内的“印太”地区的政治、军事、外交和经济投入。在中美博弈加剧的背景下，这给南海未来局势的走向增添了不少变数。
 　　其一，就全局而言，随着美国在贸易战中的对华政策措施明朗化，为保持对中国的战略遏制，美在安全领域针对中国的举措可能提速，中美在安全领域的较量或将升温。 “2019法案”作为美国新的国防战略出台后第一个“国防授权法案”，不仅响应了国防战略中将中国定性为“战略竞争对手”，而且对中国的态度明显更加强硬。“2019法案”明确提出支持美国与日本、澳大利亚和印度开展联合军事演习，并加强安全合作，以对抗中国在亚洲、东南亚和其他地区日益增长的影响力。其中，“2019法案”第1261条规定，美国国会宣布与中国长期战略竞争是美国的主要优先，美国将整合国力的多种因素予以推进。此外，在2019年3月1日之前，美国总统要向国会提交美国“全政府”应对中国的战略评估报告。该政策的实施或将推升中美在安全领域的博弈。
 　　其二，美国加大对南海地区的战略投入，或企图驱动南海话题再度升温。 8月4日，美国国务卿蓬佩奥在新加坡表示，美国将为东南亚国家新提供近3亿美元的“安保资金”，用于加强海上安全、人道主义援助、维和能力和“打击跨国威胁”。相比蓬佩奥7月30日在出席美国商会举行的印度太平洋商业论坛时所宣称的“美国将在印度太平洋地区投资1.13亿美元，用于推动数字连接、能源项目和基础设施建设”，该笔“安保资金”不可谓不大。再者，“2019法案”第1262条规定，美国防部和国务院要向国会提交中国在南海军事和强制性活动的公开报告。基于此，在前述公开报告的基础上，除继续实施在南海地区的所谓“航行自由”行动和抵近侦察之外，美国或将利用其军事同盟力量，在南海相关海域开展更加多样化的军事行动，从而引发中美局部低烈度的军事对抗。
 　　其三，台当局在南海问题上的态度和行动将成为南海局势发展的又一变数。 2017年12月蔡英文即以“台湾是自由开放的印度—太平洋战略的相关方，可以在这个区域做出更多的贡献”的“积极姿态”迎合美“印太战略”。此次美“2019法案”提出美国将加强与台湾的防务与安全合作、与台湾进行实用训练和军事演习、改善对台军售的可预见性等，不排除岛内“亲美倾独”势力为迎合美国新政策和“印太战略”，利用太平岛为美国“印太战略”及其南海政策的实施提供便利，如以“人道救援和灾难救助”等非传统安全合作之名，行与美日共同建南海海域监视和信息共享机制安全合作之实等。
 　　近年来，在南海周边国家和地区的积极作为和共同努力下，南海局势趋稳向好，但在中美关系面临深刻调整的背景下，美“印太战略”的部署实施及其南海政策的调整，无疑将给南海地区的和平稳定增添新的不确定性。对此，中国在战略和策略上都不能掉以轻心。
",南海主权,chinese,huanqio-2018-09-02 13:10-1,2018-09-02 13:10,警惕美国防授权法搅浑南海,http://world.huanqiu.com/article/2018-09/12902706.html
2,"　　【环球时报赴新加坡特派记者 郭媛丹 甄翔 柳玉鹏】“如果有人胆敢把台湾从中国分裂出去，中国军队别无选择，必将不惜一战，必将不惜一切代价，坚决维护祖国统一。”2日，中国国务委员兼国防部长魏凤和在新加坡香格里拉对话会发表演讲时，这样强调维护国家主权的决心。此前一天，美国代理防长沙纳汉在香会演讲中称，美国将根据“与台湾关系法”，继续向台湾提供支持。五角大楼当天还发布“印太战略报告”，声称寻求与台湾建立“强有力的伙伴关系”。作为亚太地区颇有影响的安全对话会议，香会可以说见惯了中美间的攻防与“硝烟”，这些年美国没少在香会上指责中国，挑拨矛盾。这次也不例外，宣扬“印太战略”的同时，沙纳汉再次在南海等问题上指责中国。“究竟是谁在威胁南海安全稳定？”魏凤和针对南海问题表示，近年来个别域外国家打着所谓维护“航行自由”的幌子到南海显示肌肉，这恰恰是南海最大的不稳定不确定因素。 　　“中国防长：将不惜一切代价维护国家统一。”路透社2日以此为题报道了魏凤和在香会上的演讲。谈到台湾问题时，魏凤和表示，世界上没有任何一个国家会容忍国家分裂。“这里，我要正告民进党当局和外部干涉势力。第一，任何分裂中国的企图都不可能得逞。第二，任何干涉台湾问题的行径都注定失败。我留意到美方发言。我想问，‘与台湾关系法’是台湾的法？还是美国的法？是中国的法？还是世界的法？还是联合国的法？美国这是利用国内法干涉中国的内政。第三，任何对中国军队决心意志的低估都极其危险”。 　　《印度快报》评论称，美国政府近来增加了对台湾防务的支持，包括美国军舰驶过台湾海峡，这些动作引发中方愤怒。5月份，台湾安全事务负责人李大维与美国总统国家安全事务助理博尔顿进行会面，这是40多年来双方安全高官首度进行这样的会晤。 　　“中国不会被美国欺凌”，美国有线电视新闻网(CNN)报道称，在中美贸易战以及南海、台海局势紧张背景下，魏凤和2日对美国发出严厉驳斥。他质问美国的“与台湾关系法”，并列举林肯打赢南北战争、防止美国分裂的例子说：“美国统一不可分割，中国当然也统一不可分割。”沙纳汉此前一天在发言中要求中方遵守“基于规则的秩序”。魏凤和就南海问题反问道：“谁在威胁南海安全稳定？”他给出的答案是，来“显示肌肉”的域外国家：“个别大国到处插手地区事务、制造乱局，最终一走了之，留下一堆烂摊子的事例还少吗？”
 　　新加坡《联合早报》网站称，魏凤和在香会上不点名批评美国“退群”，并不点名反击美国官员近日提出的“文明冲突论”。他表示，中国不觊觎他国利益，但坚决不放弃正当权益。“正如最近美国对我们发动经贸摩擦，要谈，大门敞开;要打，奉陪到底。”演讲结束后，现场提问踊跃。魏凤和在有限时间内几乎回应了所有问题，与现场互动热络。
 　　长期报道和观察中国事务的新加坡《联合早报》副总编韩咏红2日接受《环球时报》记者采访时表示，此次魏凤和获得外界高度认可，还有一个非常重要的背景，美国发起的贸易战失去了世界的民心。
",南海主权,chinese,huanqio-2019-06-03 04:56-2,2019-06-03 04:56,中国防长香会强调捍卫主权决心 质问谁在威胁南海安全稳定,http://world.huanqiu.com/exclusive/2019-06/14965139.html
3,　　【环球网综合报道】2018年7月25日，外交部发言人耿爽主持例行记者会。部分会议实录如下： 　　问：据报道，23日，美国国会就《2019财年国防授权法案》草案达成一致，其中多项内容涉及中国，包括强化美国和台湾防卫关系，研究中国在南海的“强硬行为”等。中方对此有何评论？,南海主权,chinese,huanqio-2018-07-25 19:36-3,2018-07-25 19:36,"美国会""国防授权法案""鼓吹南海和台湾议题 中方回应",http://world.huanqiu.com/exclusive/2018-07/12573649.html
4,"　　【环球网军事综合报道】美国《华盛顿邮报》10月9日文章，原题：特朗普总统正如何帮助中国在南海获胜 多年来，中国一直与美国在南海争斗。中国之道是遵循古老的孙子兵法“不战而屈人之兵”。中国人一直是每次迈出一小步：在这里开垦个岛屿，在那里修建一条飞机跑道，在争议海域临时部署一座石油钻塔，设置一个行政区等。每步都旨在形成一种“小现实”，却不会引发其他方的军事反应。 　　鉴于中国的地缘政治目标合情合理，其政策完全合理。北京如今在南海的做法，与美国19世纪和20世纪初寻求在周边海域确立战略支配地位时在加勒比海的做法很类似。对南海的有效控制将令中国能自由出入更广阔的太平洋并进一步“软化”台湾地区，最重要的是，这正令中国成为一个“两洋”海军强国。实际上，南海是通往印度洋的门户，而后者是21世纪至关重要的水域，相当于中东油田和东亚各大都市之间的全球能源“州际公路”。中国在南海的行动与其打造从印度洋到苏伊士运河和东地中海的“商业帝国”密不可分。 　　从中国视角看，美国才是好斗的霸权国家。美国海军从遥远的北美驶入南海，而后者如同加勒比海之于美国，是中国的“后院水域”。美国须直面一种重要现实：西太平洋不再是美海军一家独大的“湖泊”，中国重获大国身份必定带来一种更为复杂的多极状况。(如今)美国必须在印太地区为中国的空军、海军力量至少腾出一定空间，而关键问题在于腾出多少空间。 　　谨记，美国在南海周边的主要盟友越南和菲律宾别无选择，只能与体量庞大、经济上占主导地位且地理上更靠近的中国和睦相处。这些国家需要美国扮演制衡中国的角色，而非彻底成为中国的敌人。他们深知美国在亚洲的强大军事存在终究具有可选择性，所以中国才是在地区行事的核心考量要素。特朗普已向亚洲盟友传递出更多不确定性。这可能迫使这些国家决定单独与中国达成谅解。此类过程将悄然进行，鲜被承认。但总有一天，我们(美国)将被唤醒并意识到亚洲已发生不可逆转的变化。
",南海主权,chinese,huanqio-2018-10-11 10:08-4,2018-10-11 10:08,在南海，中国不战而屈人之兵 南海非美国后院 ,http://mil.huanqiu.com/world/2018-10/13230537.html
5,"　　【环球时报驻新加坡特约记者 辛斌 环球时报记者 李司坤】“我们曾经多次问美方或者声称南海航行自由有问题的人，请拿出证据来，证明有哪个国家的哪艘船、哪架飞机、什么时候在南海航行或者飞越时遇到了问题？但到目前为止，没有任何人给出一个明确的答案。”中国外交部发言人华春莹16日说，“由此可见，所谓南海航行与飞越自由根本就是一个不存在的伪命题”。当天，她用这番话“回怼”美国副总统彭斯的表态。彭斯称，南海不属于任何一个国家，美国将继续在国际法允许的范围内行使航行和飞越自由。 　　英国路透社称，彭斯周五的讲话显然会激怒中国。就在一天之前，在新加坡参加东盟系列会议的菲律宾总统杜特尔特曾警告美国及其他国家，应该接受“南海已经在中国手中”这一现实，以避免地区紧张局势。他敦促这些国家停止用军事活动挑衅中国。根据美国海军网14日的消息，美国双航母攻击群正在“菲律宾海”进行演习。 　　事实上，菲律宾并不是发出对美国不满声音的唯一南海域内国家。据新加坡《海峡时报》15日报道，马来西亚总理马哈蒂尔在东盟会议期间谈及区域安全问题，他向美国表示，不希望在东盟水域看到第七舰队等大型军舰，因为“大型军舰会造成事件，引发紧张局势”。新加坡总理李显龙15日也从侧面表达了对美国在亚太地区举动的担忧，他说，东南亚国家有一天可能会不得不在美国和中国之间做出选择，“希望这一天不会太快到来”。 　　“最近美方有人不时发出各种声音，大家都在听，也都在看”，华春莹16日说，中方的立场非常明确，愿与地区国家一道，坚定维护各国依据国际法所享有的真正的航行与飞越自由，同时坚决反对那些打着所谓航行自由的幌子损害南海沿岸国主权与安全利益的行为。她还请在记者会上提出相关问题的记者“提醒一下美方有关人士，美国到现在还没有批准《联合国海洋法公约》”。华春莹说：“如果美方能够尽早批准并遵守《公约》，我想将更加有利于维护南海地区的和平稳定。”
 　　《菲律宾每日问询者报》16日报道称，东盟国家领导人在第33届东盟峰会上发表主席声明，重申促进南海和平稳定的重要性。声明说：“我们对东盟与中国之间不断改善的合作表示热烈欢迎，并对在相互商定的时间表上早日缔结有效的‘南海行为准则’(COC)的实质性谈判取得进展感到鼓舞。”
",南海主权,chinese,huanqio-2018-11-17 04:00-5,2018-11-17 04:00,美称继续在南海“飞航自由” 中方回击,http://world.huanqiu.com/exclusive/2018-11/13569663.html
6," 日本加贺号直升机航母 　　【环球时报报道 驻日本特约记者 郭伟民】日本海上自卫队21日发布消息称，本月26日到10月30日，将派遣包括日本最大吨位战舰、准航母“加贺”号在内的3艘战舰前往西太平洋和印度洋，将在印度、印尼、新加坡、斯里兰卡、菲律宾5国停靠，与各国海军进行联合训练。报道称，此次行动将有800名官兵参加。 　　日本NHK电视台称，此举旨在牵制在南海开展活动的中国。报道称，日本海上自卫队还将调整日程，以便与在附近海域航行的美国海军舰艇编队进行联合训练。该报道还称，海上自卫队在南海和印度洋进行长期训练实属罕见，此举被认为是日本意在与美军联手牵制中国的动向。海上自卫队最高负责人海上幕僚长村川丰表示：“我们认为，此次行动是日本政府正在推进的自由和开放的印太战略的重要内容，与确保这一地区的和平与稳定的目的一致。” 　　中国军事专家李杰认为，日本派遣“加贺”号这个级别的大型先进战舰进入南海长期活动标志着日本体系化、大规模介入南海的动向，是日本欲在亚太及南海问题上充当美国副手的象征，具备标志性意义。对于这一动态应该高度关注。 　　“加贺”号满载排水量2.7万吨，拥有机库、直通甲板和升降机，可搭载10余架反潜直升机，实质上是一艘以反潜为主要任务的“准航母”。未来如果日本海上自卫队在该战舰上搭载F-35B战机，那它就将成为一艘真正的航母。
",南海主权,chinese,huanqio-2018-08-23 09:01-6,2018-08-23 09:01,日本准航母在南海频繁活动 专家:大规模介入南海,http://mil.huanqiu.com/world/2018-08/12803221.html
7,　　4月28日，印尼海军第一舰队司令部司令Yudo Margono向印尼媒体证实，一艘越南渔政船KN-213与印尼海军帕西姆级护卫舰381 KRI Tjiptadi“提普塔迪”号在南海发生碰撞。 　　在印尼军方公布的视频中，越南渔政船在主动撞上印尼海军护卫舰后，印尼海军士兵持枪与越南渔政人员进行对峙，并使用木棍等工具击打越南渔政船，印尼海军士兵还大声叫骂越南渔政人员，并对他们竖起了中指。 　　随后，印尼军方在声明中称，发现越南渔船在该水域进行“非法捕捞”后，印尼海军试图将其扣押。在扣押过程中，印尼护卫舰与附近的越南渔政船发生碰撞。,南海主权,chinese,huanqio-2019-04-29 14:34-7,2019-04-29 14:34,舰船对撞、持枪叫骂，越南与印尼在南海爆发冲突！,http://world.huanqiu.com/article/2019-04/14811651.html
8,"　　5月6日，外交部发言人耿爽主持例行发布会。有记者就5月6日两艘美国军舰闯入中国南沙海域一事提问。 　　耿爽回应称，5月6日，美国军舰未经中国政府的允许，擅自进入了中国南沙群岛南薰礁和赤瓜礁邻近海域。中国海军依法对美舰进行了识别查证，并予以警告驱离。美方军舰有关行为侵犯了中国主权，破坏了有关海域的和平、安全和良好秩序。中方对此表示强烈不满和坚决反对。当前在中国和东盟国家不断努力下，南海形势不断趋稳向好。在这种情况下，中方敦促美方停止此类挑衅行为，尊重中国的主权和安全利益，尊重地区国家维护南海和平稳定的努力。同时中方也将继续采取一切必要的措施捍卫国家主权安全，维护南海的和平稳定。 　　此前的2月11日，美国“斯普鲁恩斯”号和“普雷贝尔”号军舰，未经中国政府允许，擅自进入中国南沙群岛仁爱礁和美济礁邻近海域。当时，中国海军依法对美舰进行了识别查证，并且予以了警告驱离。 　　外交部发言人华春莹2月11日当天对此表示，美方军舰的有关行为侵犯中国的主权，破坏有关海域的和平、安全和良好秩序。中方对此表示强烈的不满和坚决的反对。中国对南沙群岛及其附近海域拥有无可争辩的主权，中方一向尊重和维护各国依据国际法在南海享有的航行与飞越自由。但是坚决反对任何国家假借航行与飞越自由之名，损害沿岸国主权和安全。
",南海主权,chinese,huanqio-2019-05-06 16:12-8,2019-05-06 16:12,美舰又闯南海，外交部：南海局势趋稳向好，敦促美方停止挑衅,http://world.huanqiu.com/article/2019-05/14846300.html
9,　　【环球网军事3月29日报道】3月28日下午，国防部举行例行记者会，国防部新闻局局长、国防部新闻发言人吴谦大校答记者问。 　　记者：美国的太平洋空军司令部日前主动披露两架B-52H战略轰炸机于3月中旬飞入到南海，完成训练任务后返回基地，这也是美军10天内连续两次飞越南海。请问中方有何看法？,南海主权,chinese,huanqio-2019-03-29 09:22-9,2019-03-29 09:22,美战机10天两次飞南海 国防部:南海“军事化”推手,http://mil.huanqiu.com/world/2019-03/14630072.html
10,"　　美军的最佳选择就是“甭介入” 　　罗援 　　美国国防部日前向国会提交2019年度中国军力报告，继续夸大、抹黑中国的军事活动。 　　美国国防部每年发布这样一版中国军力报告，无非是渲染“中国军事威胁论”，为敌视中国、警惕中国造势，为美国扩展军力寻找借口。可是美国国防部怎么好意思开这个口？美国2019财年的军费预算已经高达7160亿美元，中国同期军费预算只有1766亿美元。中国正在裁减军队员额30万，美国政府却要在2018年军队员额的基础上再扩军2万。到底是谁在威胁谁？实际上并不是什么“中国威胁论”，而是“美国威胁论”，是“中国被威胁论”。 　　报告称中国正快速提升军力，寻求从多个领域缩小同美军的差距。如果真是如此，那就对了。那意味着维护世界和平的力量在增长，遏制战争的力量在强大。中国已经30年没有打过一场战争，这是联合国五大常任理事国中的唯一，而不是唯二。 　　美方特别关注中国正在提升反介入与区域拒止能力，以及谋求水下作战优势等。但在中国的军事词典中根本没有什么“反介入”和“区域拒止”这样的词汇，类似的词汇就是“反侵略战争”。若要不被“拒止”，就别“介入”，不管是水上还是水下，中国人民解放军都会将侵略者拒之门外。
 　　报告重点谈到中国在南海的所谓“军事化”行动，称中国一直以来的军事战略都主要针对台湾。在国际上，中国南海被称为“南中国海”，不是叫“西美国海”，美国凭什么不远万里到南海来炫耀武力？美国在自己家门口“航行自由”没人管，到别人家门口航行就要遵守规则。迄今为止，美国连《国际海洋法公约》都没签署，有什么资格在南海问题上指手画脚？美国可以在夏威夷、关岛甚至别的国家驻军，中国在属于自己的岛礁上进行自卫设施建设有什么不可以的？
 　　至于台湾问题，那更是中国的内政。我们多次承诺“中国人不打中国人”。如果台湾方面承认自己是中国人，两岸无战事。如果台湾方面不承认自己是中国人，又霸占着中国的宝岛台湾，我们必须依法行事，这个法就是《反分裂国家法》。至于具体怎么做，那是中国内政，美国无权过问。
 　　美国国防部的报告还再次拿中国窃取美国尖端技术说事，说中国以非法手段窃取他国尖端科技，谋求解放军快速现代化，并称中国首艘自制航母或在今年年底服役。在知识全球化时代，这简直就是一个笑话。中国的四大发明是中国人民的原创吧，美国现在不是仍然在分享？这是不是窃取？中国创造的“两弹一星”，是在国际社会对中国进行严格封锁的状态下，我国科研人员自力更生的产物吧？实践证明，中国人民有充分的聪明才智创造别人想象不到的奇迹。
",南海主权,chinese,huanqio-2019-05-06 08:50-10,2019-05-06 08:50,罗援：南海不叫“西美国海” 美没资格指手画脚,http://mil.huanqiu.com/world/2019-05/14843637.html
11,　　导 言 　　想当年，金戈铁马，气吞万里如虎； 　　看今日，朝食不免胄，夕息常负戈。 　　沐浴着新时代的春风，行进在中国特色强军之路上，人民军队自我革新、主动求变，劈波斩浪、奋勇前行。 　　每一个突破、刷新，历史都用它的如椽巨笔记录下了浓墨重彩的一刻：从南海海上阅兵到第二艘航母出海，成果举世瞩目；从我军首批新军事训练大纲颁发到首次面向社会公开招考文职人员，突破有目共睹；从公布《中华人民共和国英雄烈士保护法》到全国交通运输行业军人依法优先工作格局形成，举措振奋人心。 　　这一年，人民军队深入贯彻习近平强军思想，强化练兵备战鲜明导向，提高军事训练实战化水平，国防实力和人民群众的安全感持续增强；这一年，国防和军队改革向纵深推进，在主要领域迈出历史性步伐、实现历史性突破、取得历史性成就；这一年，不断浓厚尊崇军人的社会氛围，官兵的使命感、获得感、荣誉感显著增强。 　　我们的军队是人民军队，我们的国防是全民国防。我们评选十大国防新闻，就是希望和大家分享这一年国防和军队建设的新成就，唤起大家对军队、对国防的共同关注。 　　中国这艘“复兴号”巨轮已行至关键航段，体量越大、离目标越近，阻力和风险就越大，越需要更高水平的安全。国家强大需要强大国防来支撑，而强大国防，需要每一个人积极支持。 　　1 军事政策制度改革  　　11月13日至14日，中央军委政策制度改革工作会议在京召开。中共中央总书记、国家主席、中央军委主席、中央军委深化国防和军队改革领导小组组长习近平出席会议并发表重要讲话。他强调，要深化我军党的建设制度改革，创新军事力量运用政策制度，重塑军事力量建设政策制度，推进军事管理政策制度改革。 　　2 中央军委举行2018年开训动员大会  　　1月3日，中央军委隆重举行2018年开训动员大会，中共中央总书记、国家主席、中央军委主席习近平向全军发布训令，号召全军贯彻落实党的十九大精神和新时代党的强军思想，全面加强实战化军事训练，全面提高打赢能力。 　　3 中央军委在南海海域举行海上阅兵  　　4月12日，中央军委在南海海域隆重举行海上阅兵，展示人民海军崭新面貌，激发强国强军坚定信念。中共中央总书记、国家主席、中央军委主席习近平检阅部队并发表重要讲话。这是新中国历史上规模最大的海上阅兵。 　　4 发布新修订的共同条令  　　据《解放军报》4月16日报道，中央军委主席习近平签署命令，发布新修订的《中国人民解放军内务条令（试行）》《中国人民解放军纪律条令（试行）》《中国人民解放军队列条令（试行）》（统称共同条令），自2018年5月1日起施行。 　　5 我军首批新军事训练大纲正式颁发  　　据《解放军报》1月26日报道，经中央军委批准，我军首批新军事训练大纲正式颁发，标志着新体制下军事训练内容体系构建取得重大阶段性成果，为新时代军事训练提供了重要法规遵循。 　　6 组建退役军人事务部  　　4月16日，退役军人事务部挂牌成立。其主要职责是，拟订退役军人思想政治、管理保障等工作政策法规并组织实施，褒扬彰显退役军人为党、国家和人民牺牲奉献的精神风范和价值导向，负责军队转业干部、复员干部、退休干部、退役士兵的移交安置工作和自主择业退役军人服务管理、待遇保障工作，组织开展退役军人教育培训、优待抚恤等，指导全国拥军优属工作，负责烈士及退役军人荣誉奖励、军人公墓维护以及纪念活动等。 　　7 全军首次面向社会公开招考文职人员  　　据《解放军报》7月11日报道，经中央军委批准，中央军委政治工作部部署展开深化国防和军队改革以来全军首次面向社会公开招考文职人员工作。这次公开招考，积极适应新的文职人员制度重塑重构特点要求，以新修订的《中国人民解放军文职人员条例》及配套政策为依据，坚持需求牵引，服务部队急需，主要招录一批主干专业系列、重点关键岗位文职人员。 　　8 《中华人民共和国英雄烈士保护法》颁布  　　4月27日，十三届全国人大常委会第二次会议全票表决通过英雄烈士保护法，自2018年5月1日起施行。这部法律从行政、民事和刑事方面加强对英雄烈士姓名、肖像、名誉、荣誉的保护，建立了侵害英雄烈士名誉荣誉的公益诉讼制度。制定英烈保护法，表明了我们捍卫英雄烈士的鲜明价值导向。 　　9 全国交通运输行业军人依法优先工作格局形成  　　11月，国家交通运输部、中央军委后勤保障部联合部署在全国道路客运领域开展军人依法优先出行权益保障工作。自2018年12月1日起，全国汽车客运站、道路客运班线经营者在购票、安检、候车、乘车等环节，对军人提供依法优先服务。此举标志着全国铁路、公路、水路、航空等交通运输行业立体化的军人依法优先工作格局形成。 　　10 我国第二艘航母首次出海试验 ,南海主权,chinese,huanqio-2018-12-29 08:33-11,2018-12-29 08:33,2018十大国防新闻:航母海试、南海阅兵都在这里,http://mil.huanqiu.com/world/2018-12/13924645.html
12,"　　【环球时报记者 白云怡】据彭博社7日援引美国高级军官的话称，美国观察到中国在南海地区的军事活动在过去一年内有所增加。 　　彭博社报道称，这一言论来自美国印太司令部司令、海军上将菲利普·戴维森。7日，他在新加坡被问及该话题时称，中国正在南海继续军事建设，“没有任何意义上的减少”，“毫无疑问，在过去一年中，船只、战斗机和轰炸机的活动比前几年多。”他同时称，“这对贸易流动、商业活动以及在南海海底电缆上流动的金融信息构成巨大威胁。”。 　　不过，戴维森拒绝对所谓“中国军事活动增加”进行具体量化，也没有表明美国在该地区“自由航行”的数量将增加还是与以往保持一样。他只强调，美国决心继续保持在该地区的存在，是一个“太平洋上的持久力量”。彭博社评论称，戴维森的表态是美国高级官员最近一次试图安抚其东南亚盟友，向它们保证华盛顿方面有关印太战略的承诺。 　　海南师范大学菲律宾研究中心主任刘锋7日在接受《环球时报》采访时表示，戴维森此番言论完全是本末倒置、贼喊捉贼。“显而易见，美国是所谓南海军事化的最大推手，美军舰机在南海频频出入，大秀军事肌肉，已经成为影响南海局势稳定的重大负面因素。”刘锋表示，“明眼人都能看出，美军少来滋事，南海其实更安宁。联系到戴维森此前口无遮拦经常放狠话，其实也就见怪不怪了，其无非是为美在南海和亚太地区增加军事部署寻找借口罢了，一点都不新鲜。”
",南海主权,chinese,huanqio-2019-03-08 04:00-12,2019-03-08 04:00,美海军上将指责中国“在南海活动增加”  专家：贼喊捉贼,http://world.huanqiu.com/exclusive/2019-03/14493290.html
13,"　　 　　张蓓中国国际问题研究院欧洲所   　　近日， 　　英国国防大臣加文•威廉姆森在英国皇家三军联合研究所发表演讲，阐述 　　脱欧时代“全球英国”的战略设想。他提到载有两个中队F-35B隐形战斗机中队的“伊丽莎白女王”号 　　航母将被送往太平洋“有争议”的水域展示“硬实力”。这已不是威廉姆森第一次提出要在亚太地区“秀肌肉”来展示“全球英国”的雄心。去年，他还提出要在太平洋地区的新加坡或文莱建立一个军事基地，以提振后脱欧时代英国的全球影响力。       　　然而，尽管防长威廉姆森“豪情万丈”，脱欧时代英国政治的现实却让他底气不足。从国家政策的优先程度看，渡过眼前脱欧这一难关已让英国精疲力竭。此前政府经验有限的威廉姆森被擢升至防务大臣这一重要岗位，也是拜脱欧产生的巨大政治内耗所赐，他对此心知肚明。
 　　目前，英国脱欧仍处于“双重僵局之中”。一方面，特蕾莎•梅首相的脱欧方案A和方案B均被议会否决，下一步，脱欧的主导权和脱欧路线均是斗争焦点。另一方面，英国政府与布鲁塞尔在北爱尔兰后备方案上进行“零和博弈”，双方均没有让步的迹象。
 　　而英国发挥全球影响力的能力也已受到脱欧带来的负面影响。英国虽然是北约国家中为数不多的满足国防预算占GDP2%的国家，但近段时间以来国防预算也持续紧张。而对外援助这一英国引以为傲、发挥影响力的政策工具也面临预算缩减的压力。
 　　为了实现脱欧后“全球英国”的雄心，英国需要办好两件事。第一是确保脱欧的有序和平稳。如前文所述，这一点已证明比想象中困难。距离脱欧最后期限仅有40多天，脱欧协议都没有通过，英国“无协议脱欧”的风险正在上升。
 　　第二件事是为脱欧后英国的全球战略做好谋划。一些现实且在英国国内有共识的观点是首先稳固传统盟友美国和欧洲，维护好“英美特殊关系”，增加在欧洲国家的外交投入，弥补脱欧为英国在欧盟影响力的损失；其次加深与日本、澳大利亚等规模相当、“灵魂契合”的国家之间的纽带；最后继续“向东看”的进程，与中国、印度、印度尼西亚等新兴市场国家加大合作。
 　　然而在英国眼中，中国绝非仅仅是新兴市场那么简单。英国上一届政府曾承诺要做“中国在西方最坚定的支持者”，并以率先加入亚投行、在对华合作中采取积极态度为行动。这背后折射出，英国一部分的执政精英愿意以姿态灵活、心态开放、政策务实的态度应对中国的发展和在国际体系中实力的增长。
 　　然而，英国统一而连贯的中国认知和政策远未成型，而英国脱欧以及中美博弈加剧了英国寻找答案的难度。从这个角度看，防长威廉姆森的言论只能算作英国对这一重大命题“头脑风暴”中的一种观点，且并不是主流观点。就在威廉姆森的豪言壮语出来不久，就被英国政府内部人士怒批是一番“愚蠢讲话”。
 　　脱欧后的英国需要加深与世界大国的经贸纽带，中国是英国最重视的对象之一。也因为这一点，英国财政部一直注意与防务大臣的论调保持距离，坚持对华务实合作。但合作归合作，英国自认为在价值观无法认同中国，又总有“讨好”美国、“荣耀”自己的私心，这也导致英国对华政策的主旋律虽是积极合作，却时常出现不和谐的杂音。
",南海主权,chinese,huanqio-2019-02-21 07:55-13,2019-02-21 07:55,专家：派航母闯南海，折射脱欧英国的“思想混乱”,http://oversea.huanqiu.com/article/2019-02/14367368.html
14,"　　美国副总统彭斯10月初在华盛顿演讲，声称中国在南海搞“军事化”并“鲁莽骚扰”正在执行“航行自由行动”的美国军舰，扬言美国“不会退让”。美国总统国家安全事务助理博尔顿近日也就南海问题发表了类似言论。这些言论枉顾事实，倒打一耙，凸显美方唯恐天下不乱，继续挖空心思在南海搅浑水、制造麻烦的意图。 　　第一，乱扣“军事化”帽子。 　　中国对南海诸岛及其附近海域拥有无可争辩的主权。中国在自己的领土上开展和平建设活动，包括部署必要的防御设施，是行使国际法赋予主权国家的自保权和自卫权，与“军事化”无关。 　　美方硬给中国扣“军事化”的帽子，最应该反躬自问：南海个别国家多年前在中国被占岛礁上部署大量武器装备，有的又企图使其非法侵占中国岛礁的行为永久化和合法化，美国为何视而不见？近年来美国频繁派军舰军机抵近中国南海岛礁进行挑衅和侦察，甚至擅入中国西沙群岛领海，算不算搞“军事化”？美国筹划把更多先进舰机部署到亚太地区，诱拉其盟友在南海搞针对性联合“军演”“巡航”，算不算搞“军事化”？美方搞“双重标准”为何如此心安理得？ 　　第二，“航行自由”只是幌子。 　　南海地区的航行和飞越自由根本不存在问题，每年10万余艘各国各类船只能够在南海安全、顺利地通行，而中国南沙和西沙群岛远离国际航道。但在美方眼里这不叫航行自由，美方所谓“航行自由行动”，是按照自己对国际法的单方面解释，派出军舰挑战其它国家对海上领土主权和海洋权益的所谓“过度”主张和行使。放着宽阔的南海国际航道不走，美国军舰却屡次进入中国驻守的南海岛礁12海里之内宣示“航行自由”，实际上是别有用心。
 　　至于美方声称所谓中国军舰对美舰实施“鲁莽骚扰”，更是荒唐。美舰不远万里跑到中国家门口生事，却纠缠于中国军舰距离美舰“45码”！
 　　第三，美国霸权才是心心所念。
 　　美国从地缘政治角度对待南海问题，日益把中国的崛起视为对美国霸权的潜在甚或现实威胁。在美方看来，中国在南海地区加强维权、开展岛礁建设，会让中国在南海获得优势地位，对美国的霸权构成挑战。美方有意把南海问题作为抓手，挑拨中国与东盟国家关系，抹黑中国形象、牵制中国影响，削弱中国在南海的存在。
 　　美国现任政府从“美国优先”理念和“中国威胁论”出发，认为美国长期实行的对华接触政策未能达到美方期望，反而造就了一个地缘政治竞争对手，因此美方必须调整对华战略，多方对华施压。现任政府在推出对华竞争性意味浓厚的“印太战略”之后，更看重南海的战略地位。
 　　第四，南海平静并非美国所愿。
 　　过去两年，南海局势明显降温，有目共睹。南海争议重回通过直接当事方对话协商解决的轨道，中菲正式建立南海问题双边磋商机制并通过该平台妥善处理分歧，中国与东盟国家就“南海行为准则”单一磋商文本草案达成一致。 包括中国在内的南海沿岸国都充分肯定南海形势积极向好。南海局势改善了，中国与东盟就可以集中精力推进务实合作，打造紧密的命运共同体。
 　　但美国不肯认同中国和东盟共同努力的重要成果，甚至不断对外释放消极信号。对美国来说，南海局势向好了，挑拨离间的空间就缩小了。没有了东盟国家特别是南海声索国的配合和打头阵，美国只好撕掉“中立”的伪装，赤膊上阵，从幕后冲向前台。
 　　说到底，在中美南海博弈中——中国维护的是主权，不能容忍主权受到侵犯；美国追求的是霸权，把中国维护南海主权之举误读为挑战美国的霸权。中国不可能在涉及主权的问题上有任何退缩，美国派再多的军舰军机来南海也吓不倒中国人。中方有信心与东盟国家一道保持南海地区稳定。美国以“零和”心态把中国当成对立面，到头来只会将自己打造成南海搅局者的形象，得不偿失。
",南海主权,chinese,huanqio-2018-10-18 08:37-14,2018-10-18 08:37,揭露美在南海搅局的四大真相（望海楼）,http://world.huanqiu.com/article/2018-10/13293325.html
15,"　　美国媒体援引美国防部发言人的话报道说，美军的B-52轰炸机本周飞越了中国南海附近，参加了在靠近中国南海地区的联合行动。另外，本周二B-52轰炸机也飞越了东海。 　　CNN与路透社等媒体均认为美军此举会“激怒中国”，或促使中美间的紧张关系加剧。 　　现在不清楚B-52轰炸机是一般性通过南海，还是贴近了中国岛礁。西媒的报道对此没有提及。中国国防部和外交部均做了一般性回应。通常来说，根据中方的反应有多严厉，媒体可以大致判断美军活动对中方的挑衅程度。 　　南海上水域辽阔，那里有中国岛礁，有我们的主权水域和管辖海域，也有各方主张的重叠水域。如果美国舰机在主权以外的水域和上空通行，那么从国际法上是不构成问题的。进入中国主权水域及上空，中方就会采取警告、驱离等措施。
 　　由于海上的事，很难进行实时的距离测定，这当中会有一些模糊的空间。这个时候双方关系的大氛围、美方自己如何公开解释舰机行动的意图，会很大影响中方及外部世界对美方行动的研判。
 　　由于南海是国际航运大通道，外国船只过往频繁，军舰通过也很常见，对于正常的航行自由，中国官方一再表示我们没有异议。
 　　然而这一次的情况就比较典型，美方公开宣布B-52轰炸机去南海了，这话就是说给中方听的，也是给世界舆论听的。五角大楼的目的就是引起这次行动是向中国南海政策示威的联想。这个时候尽管人们不知道美机是否进了中国岛礁邻近海域，但美方已经达到了挑衅中国的舆论效果。
 　　因为人们可以问，如果是正常的飞行，有什么必要公开宣告呢？而且西方媒体第一时间的报道都朝着美方行为可能“激怒中国”的方向进行了解读和引申。事实是，美方就是在挑衅中国。
 　　华盛顿似乎陶醉在这种挑衅中国的游戏中，中方如果从我们一次次被挑衅，但却没什么办法的角度来看这些游戏，会很憋气。这个角度我们当然不能放弃，但同时我们也要从另一个角度对南海的事情进行审视。
 　　美方最大的不满就是中国在南海扩建了岛礁，它增加在南海的军事活动，主要目的是给中方施压，让中方在岛礁的问题上后退。但是别管他们怎么在南海折腾，中国的岛礁建设稳扎稳打地在防卫的框架下进行，华盛顿拿我们一点办法都没有，只能通过这些活动给我们上眼药，因此中国在南海上保持了整体上的战略主动性。
 　　在南海，美国小牌多，但中国主牌多。如果美方军事活动继续增加，威胁到那些岛礁的安全，中国就可以向岛礁部署军事作战装备，以此回敬美国。华盛顿对北京手里的这张牌是有很大担心的。
 　　从宏观上说，美方增加对华军事挑衅，会刺激中方投入更多资源开展战略性军事建设，包括先进核力量的建设。美方对此也是忌惮的。
",南海主权,chinese,huanqio-2018-09-28 08:55-15,2018-09-28 08:55,社评：B-52轰炸机又来南海，怎么看？,http://mil.huanqiu.com/world/2018-09/13130419.html
16,,南海主权,chinese,huanqio-2018-08-06 15:14-16,2018-08-06 15:14,中国海军联合海警在南海演练 出动三体战舰,http://mil.huanqiu.com/milmovie/2018-08/12658039.html
17,　　据英国卫报报道，英国计划将其目前最大的航空母舰“伊丽莎白女王号”派遣到太平洋。报道中称，这是为了方便英国海军在南中国海进行航行自由巡逻，以显示在该地区的实力存在。 　　　　▲英国伊丽莎白女王号航母试航后回港 　　在上周，澳大利亚国防部长马里斯·佩恩和外交部长朱莉·毕晓普在苏格兰举行的为期两天的会谈中与英国国防部长加文·威廉姆森讨论了在太平洋的联合海军行动。在会议中部长们提到了目前在太平洋地区“国际法则和公约面临的挑战”以及中国对“以规则为基础的国际秩序的明显威胁”。 　　　　▲英国国防大臣加文·威廉姆森一直想插手南海 　　他们表示，这证明了英国和澳大利亚之间更好的防务与安全合作。英国国防部长加文·威廉姆森承诺加强英国在印度洋-太平洋地区扩大英国的影响力，包括在汤加，萨摩亚和瓦努阿图开设新的大使馆以及加强该地区海军舰艇部署的努力。在会后英国国防部长加文·威廉姆森说：“我们非常希望并将共同努力，将伊丽莎白女王号部署到太平洋，并希望与澳大利亚的军舰并肩航行。”“我们希望确保全世界的每个人都明白这两个伟大的国家是最伟大的盟友。” 　　　　▲全部趴窝的英国海军主力45型驱逐舰 　　澳大利亚护航英国航母可能并非两国政府高层中“英澳友谊”的表现，实属英国海军糟糕现状的无奈之举。伊丽莎白女王号航空母舰作为皇家海军的旗舰舰队，也是皇家舰队体积最大的军舰，能够载运多达60架飞机，预计在2020年开始正式服役。原计划它将组成一个英国的“航母打击编队”，包括几艘45型驱逐舰和建造中的26型护卫舰以及一艘攻击型核潜艇。不过英国海军如今却无法派出纸面上英国最强的水面舰艇编队了，只能沦落到让曾经的殖民地海军军舰来护航。 　　　　▲主力舰全部趴窝的英国海军恐怕只能从澳大利亚借船了,南海主权,chinese,huanqio-2018-07-22 09:21-17,2018-07-22 09:21,英国无舰可用希望澳海军陪其航母去南海巡航,http://mil.huanqiu.com/world/2018-07/12546446.html
18,　　2月22日，外交部发言人耿爽主持例行记者会。有记者提问，英国财政大臣昨日发言表示近期英方有关“派遣军舰到太平洋有关海域”的论点对中英关系带来不良影响，有传闻称英国财政大臣哈蒙德访问中国的行程因此被取消，对此中方有何回应？ 　　耿爽表示，关于英国国防大臣威廉姆森的有关表态，中方已经多次回应。中方重视中英关系，希望英方能够切实尊重中方的核心利益和重大关切，为推动中英关系的健康稳定发展作出努力。至于你提到的英国财政大臣哈蒙德访华的有关问题，我们曾经表示过，我们欢迎哈蒙德财政大臣的访华。,南海主权,chinese,huanqio-2019-02-22 17:01-18,2019-02-22 17:01,对英方“派军舰到南海”言论，外交部这样回应,http://world.huanqiu.com/article/2019-02/14380798.html
19," 6月3日，美国仁慈号医院船和日本“大隅”号两栖登陆舰在南海演练。 　　【环球时报综合报道】针对美国防部在日前发表的2018年度中国军事与安全发展报告中称“中国可能派能携带核武器的轰炸机到南海攻击美国盟友的设施”，菲律宾防长洛伦扎纳27日表示，中国没有理由这么做，菲律宾不是中国的威胁。 　　据菲律宾《马尼拉公报》28日报道，美国该报告还称，中国可能使用核电站来给南海岛屿提供电力。“核武器进南海”的说法在菲律宾引发关注，菲律宾国防部试图淡化火药味，洛伦扎纳27日说，“我们正在以非军事的手段处理海洋争端，中国不需要引入核轰炸机或者核武器”。 　　美国该报告还称，中国不透明的核武现代化计划很容易引发外界担忧，美国防部分析认为，中国可能转变此前“不首先使用核武器”的方针。
 　　“美国国防部这份所谓报告对中国进行无端指责十分可笑”，中国外交部发言人华春莹28日表示，自拥有核武器的第一天起，中国政府就郑重声明，在任何时候和任何情况下都不首先使用核武器。中方始终恪守这一承诺，坚定奉行自卫防御的核战略，始终把核力量维持在国家安全所需的最低水平，没有对任何国家构成威胁。我们坚决反对任何肆意歪曲中方政策意图、为自己扩大和加强核武库寻找借口的拙劣做法。
",南海主权,chinese,huanqio-2018-08-29 09:00-19,2018-08-29 09:00,美炒作中国“核武器进南海” 菲律宾防长驳斥,http://mil.huanqiu.com/world/2018-08/12863109.html
20," 　　【环球时报综合报道】针对美国防部在日前发表的2018年度中国军事与安全发展报告中称“中国可能派能携带核武器的轰炸机到南海攻击美国盟友的设施”，菲律宾防长洛伦扎纳27日表示，中国没有理由这么做，菲律宾不是中国的威胁。 　　据菲律宾《马尼拉公报》28日报道，美国该报告还称，中国可能使用核电站来给南海岛屿提供电力。“核武器进南海”的说法在菲律宾引发关注，菲律宾国防部试图淡化火药味，洛伦扎纳27日说，“我们正在以非军事的手段处理海洋争端，中国不需要引入核轰炸机或者核武器”。 　　美国该报告还称，中国不透明的核武现代化计划很容易引发外界担忧，美国防部分析认为，中国可能转变此前“不首先使用核武器”的方针。 　　“美国国防部这份所谓报告对中国进行无端指责十分可笑”，中国外交部发言人华春莹28日表示，自拥有核武器的第一天起，中国政府就郑重声明，在任何时候和任何情况下都不首先使用核武器。中方始终恪守这一承诺，坚定奉行自卫防御的核战略，始终把核力量维持在国家安全所需的最低水平，没有对任何国家构成威胁。我们坚决反对任何肆意歪曲中方政策意图、为自己扩大和加强核武库寻找借口的拙劣做法。
",南海主权,chinese,huanqio-2018-08-29 04:00-20,2018-08-29 04:00,美报告制造南海紧张气氛，遭中菲驳斥,http://world.huanqiu.com/exclusive/2018-08/12860946.html
21, 8月13日，美国总统特朗普签署了军费的2019年度国防预算和《国防授权法案》。 　　本来嘛，这个《国防授权法案》是每年的常规操作，我们毋需多做评论。但是今年的法案数额之大，却让人不得不怀疑其居心——总额达7163亿美元，增幅高达2.6%，是美国军费9年来的最大涨幅，创下伊拉克战争和阿富汗战争以来的新高 。而在中美贸易纠纷的大背景下，此项法案的多项内容却都剑指涉华贸易投资管制、南海、台湾等敏感议题， 实在值得我们谨慎对待。 　　在前两天的文章中，侠客岛从大面上对这一法案进行了分析，今天我们想专门就其中关于南海的两小节内容聊一聊。 　　法案SEC.1259要求美国国防部定期提供中国在南海的一切重大行动信息 ，包括新的填海动作、过度的领土主张和“军事化”事件，如重要的军事部署和军事行动，以及基础设施建设等。 　　法案SEC. 1259要求美国国防部不得邀请中国军队参加“环太军演”或为此提供便利 ，除非“中国停止在南中国海的所有填海造陆行动，移除所有相关岛礁上的武器，并持续推动该地区的和平稳定达4年以上”。 　　虽然在2012年前后，南海即成为美国国会的热门话题，近些年来，美国国会两院也频繁发起有关南海的各种提案，密集开展听证会，但如此明确地将针对中国的南海条款写到美国《国防授权法案》，还是第一次。 　　怎么看？  《国防授权法案》SEC. 1259截图 　　性质 　　《国防授权法案》是美国发布的财年国防预算的授权法案，经参议院和众议院审议通过后，由美国总统签署生效即成为法律，它实质上是美国国会以预算为杠杠，通过立法方式与白宫和国防部进行博弈、发挥国防外交影响的关键性法案 。 　　岛叔要特别说明的是，法案虽然是年度的，但其中的条款却具有长期效力，除非后面新的法案对此前法案的条款进行修改、调整和删除。 　　历史上看，《国防授权法案》对中美关系长期起着比较负面的作用 。自美国2000财年《国防授权法案》生效后，美国国防部按要求每年向国会提交的《中国军力报告》，逐步成为美国“中国军事威胁论”的权威素材。 　　美国《国防授权法案》在台湾问题、两军交流和高科技出口等方面的限制性规定，也是阻碍中美在战略与安全问题上良性互动的主要因素。 　　而2019财年《国防授权法案》的出台，标志着美国介入南海事务的力度 进一步加大，这些负面条款未来必将激化中美在南海的矛盾和斗争。  影响 　　《国防授权法案》发布后一个最直接的影响是，美国国防部定期提交针对中国南海行为的报告，会加剧中美南海“军事化”博弈的烈度。岛叔在前面的文章中多次提过，美国南海政策正快速走向“ 军事化 ”，中美关于南海“军事化”的斗争也日趋激烈。 　　一方面，在现场，美军对中国迅猛发展的军事现代化感到极不适应，为此极力加大在南海及其周边地区的军力部署，强化在南海的军事存在和战场建设，力图维持中国军队与其的差距，维系海上主导地位。 　　南海的行动几乎已经消耗了美军西太前沿兵力的60%。岛友看如下的数据会更直观： 　　美军舰机每年闯入中国南海岛礁12海里内多达10余次，对中国岛礁和海岸抵近侦察上千次，在南海演习上百次。 　　另一方面，在舆论上，美方已经为中国正常的军事能力建设和维权行动扣上了“南海军事化” 的大帽子，在国际上对中国极尽诽谤抹黑之能事。丝毫不考虑中国作为南海最大沿岸国的合法权益及地位，也竭力回避自己在南海愈演愈烈的“军事化”政策及动作。 　　近两年来，为了保持专业性，美军现场动作不断升级，舆论炒作调门有所降低。而在新的《国防授权法案》的背景下，美军出于国内政治和法律的双重考虑，将不得不加大中国“南海军事化”的舆论 炒作。 此外，国会还在条款中明确要求，针对南海中国行为的报告必须向公众公开，这些报告一旦出台，本身就会成为媒体竞相关注炒作的焦点。 　　间接的影响是，新《国防授权法案》压缩了国防部等行政部门和军方的政策弹性空间，这使得美国在南海针对中国的力度和动作会显著加剧。 通常，美国军方与国会的态度有所不同，出于发展两军关系和互通有无的考虑，在执行层面会保有一定的弹性，并不愿意把事情做绝;在专业层面能解决的问题，也不倾向于盲目扩大到政治和战略层面。 　　而新的《国防授权法案》要求美国国防部定期报告中国在南海的重大军事行动并付诸公众舆论，在镁光灯下，美国国防部和美军的反应也势必会加剧，以避免给美国境内外留下“软弱无能”的形象。  预警 　　南海之外，在台湾问题上，美国也直逼中国“红线”。 新《国防授权法案》要求国防部加强与台湾的防务关系，支持台湾发展现代化的国防军力，帮助提升台湾的自卫能力。 法案建议美军应适度参加台湾军事演习，有针对性的加强对台军售。 　　法案还要求根据《台湾旅行法》，促进美台高层国防官员和一般官员的交流。这波操作所带来的两岸关系的最新预警也值得注意。 　　总之，岛叔想要说的是，贸易摩擦目前已经使得中美关系下行趋势在短时间内难以避免，而中美海上战略竞争、角力的加剧，使得双方矛盾在多重领域加速聚集，可谓事态严峻。 　　对此，中国既要防止海上竞争与贸易摩擦共振，同时更要毫不动摇坚守自身国家利益的底线，在维护核心利益上决不含糊。,南海主权,chinese,huanqio-2018-08-17 22:14-21,2018-08-17 22:14,侠客岛：美国又在打南海什么主意？,http://world.huanqiu.com/article/2018-08/12749968.html
22,"　　6日，美国两艘导弹驱逐舰未经中国政府允许，擅自闯入我南沙群岛南薰礁和赤瓜礁，被我海军识别查证，并警告驱离。这是美军舰今年以来在南海搞的第三次挑衅，每次都打着所谓“航行自由”的旗号。去年类似行动至少有5次，今年看来只会多不会少。 　　美国军舰无论来南海多少次，一不可能改变南海岛礁的主权归属，二不可能削弱(只会加强)中国对相关岛礁的实际控制，三不会打乱中国南海岛礁建设的既定节奏。美军舰在南海转几圈，就想捞到什么好处，天下没有这么便宜的生意。 　　在南海，美军舰就是搅浑水的角色。中国海军刚刚庆祝70周年生日，美国军舰没来，但菲律宾、越南、马来西亚、文莱等南海相关国家，都派了军舰和代表团贺礼。这是它们希望与中国和平友好共处意愿最真实的展示。没有外人的搅和，南海诸国完全有能力解决争端，维护南海的和平与稳定。 　　美国费尽心机想在南海争端的缝隙里钉进楔子，将之作为其对华战略博弈的筹码，但很快就被南海国家看穿，行动的效果不断递减。哪怕再小的主权国家，都不会甘心做大国手中的棋子。发展是所有南海诸国的第一要务，美国在南海寻衅滋事，破坏地区稳定，越来越不得人心。只要中国与南海诸国之间一直保持互利共赢的合作，南海就有了和平与稳定的基本盘，美国就是再使劲，也掀不起多大风浪。
 　　实际上，美国这么干，它自己也很累。美国媒体前不久报道，为了执行五角大楼监控中国的战略使命，美国海军“超负荷运转”，连原本在美国近海执行任务的海岸警卫队，也被更多地派到亚太地区，“完全像战斗舰一样使用”。这又是何苦呢？
 　　美军舰的挑衅，对中国人倒是必要的提醒。每挑衅一次，这个提醒就得到一次强化。首先，它提醒我们，来者不善，美国军舰传递的是对中国崛起的抵触和恶意。这是我们难以回避，需要用智慧和力量加以应对的。
 　　其次，它提醒我们，一方面中国和美国尚存在实力差距，毕竟是美国军舰到我们的近海挑衅;另一方面，中国实力的确在快速提升，引起了美国的警惕和遏制行动。一句话，中国正处在将强未强的阶段，这时候面对的内外环境是最复杂的。
 　　第三，它提醒我们加强中国海军力量建设的必要性和紧迫性。只有中国的海军足够强大，美国军舰才不敢像现在这样，动不动就到中国的近海耀武扬威。大概只有在力量面前，美国军舰才能学会克制和收敛。强大的中国海军是南海乃至世界和平稳定的保障。
",南海主权,chinese,huanqio-2019-05-07 11:30-22,2019-05-07 11:30,社评：美军舰“超负荷”到南海挑衅，何苦呢,http://mil.huanqiu.com/world/2019-05/14851198.html
23,"　　【环球时报报道】近年来随着美国在南海区域的军事行动越来越多，一旦发生突发状况，美国就会利用卫星照片做出各种有利于自己的解读，同时把责任推给中国。南海的“舆论战”和话语权争夺，是一场看不见但又至关重要的博弈。 　　4月9日上午，北京大学海洋研究院举行“‘南海战略态势感知计划’平台上线暨南海局势报告发布会”，并正式对外发布平台的首份研究报告，展示平台中方专家团队对南海军事化、南海行为准则磋商和资源开发合作等焦点议题的最新看法。 　　北京大学海洋战略研究中心胡波主任9日在接受《环球时报》记者采访时介绍，当前南海局势趋向缓和，但左右南海局势发展的根本矛盾没有解决：一方面，中美海上战略竞争日益凸显，南海已成为双方海上战略角逐的前沿；另一方面，日本、澳大利亚、英国等域外国家加大对南海事务的关注和介入，推动南海局势进一步复杂化。 　　胡波表示，2018年美军明显加大所谓“航行自由行动”的频率和烈度，基本保持每8周一次的频率，在南沙中方驻守岛礁的12海里内多伴有高速机动、演习训练和其他刺激性活动。美军还增强了针对西沙的挑衅活动。“航行自由行动”之外，美军还大幅强化战略威慑和前沿存在。2018年美军先后有4个航母打击群、4个两栖戒备大队以及多艘核潜艇、30架次B-52H轰炸机前往南海及周边地区开展战略威慑活动。
 　　但美国在舆论场中却利用卫星照片和各种数据突出中国在南海所谓“军事动作”，不提自己的行动对南海造成的军事化影响。比如去年9月30日中美军舰在南海近距离相遇，美方就抢先抛出有利于他们的说法，把自己描绘成“无辜受害者”。胡波表示，我们只有拿出有力的证据，从中国的视角来解读，才能把事实澄清，才能让国际社会更全面客观地认识事情的经纬。
",南海主权,chinese,huanqio-2019-04-10 09:07-23,2019-04-10 09:07,美国在南海频繁挑衅 还把自己描绘成“受害者”,http://mil.huanqiu.com/world/2019-04/14695695.html
24,　　“外交部发言人办公室”公众号消息，在2月14日外交部例行记者会上，有记者问：美国印太司令部司令戴维森周二称，中国在南海“实施军事化”的行为将使美考虑在该地区重新部署军事力量并设立军事基地。你对此有何评论？ 　　华春莹：你提到的美国军方官员的有关言论，无非是为美在南海和亚太地区増加军事部署寻找借口。什么叫作中国“军事化”？想必大家还记得，就在前两天，美国两艘军舰还擅自闯入了中国南沙岛礁邻近海域。 　　我们也可以对比一下中美在南海做什么。美方不远万里把先进舰机驶进南海，甚至还把先进战略性武器带到了南海。而自去年7月以来，中方在南沙群岛的海上救助中心已经完成了8起搜救任务，救助遇险人员15人、遇险船舶2艘，获救财产价值约人民币1200万元。事实摆在这里，到底是谁在搞军事化不言自明。,南海主权,chinese,huanqio-2019-02-14 17:43-24,2019-02-14 17:43,华春莹：谁在南海搞军事化不言自明,http://world.huanqiu.com/article/2019-02/14311009.html
25, 　　【环球时报-环球网报道 记者 翟亚菲】“中美博弈与世界变局”2019环球时报年会8日在北京举办，在“南海、台海是否会再起烽烟？”这一议题的讨论中，复旦大学“一带一路”及全球治理研究院常务副院长黄仁伟表示，2018年中美关系是以经济上的博弈为主，如果90天谈判顺利的话，到2019年，这件事情就不会像2018年那么紧张。但是另一方面，2019年地缘政治的问题可能会更加突出。美国常常是打完这次打那次，贸易战停下来就可能开打“地缘政治战”。 　　对于“民进党是否会更加激烈搞‘台独’”问题，黄仁伟表示，它会“抓紧一切机会把台独往前推”。2020“台湾”大选时，它再来一个“‘台独’公投”，绑定大选，看你动手不动手。,南海主权,chinese,huanqio-2018-12-08 14:43-25,2018-12-08 14:43,黄仁伟：2019年，中国要做南海台海“两线作战”准备,http://world.huanqiu.com/exclusive/2018-12/13752564.html
26,"　　菲律宾总统杜特尔特星期二的一个讲话受到西方媒体关注，据报道，他表示中国在南海建设的岛礁周边水域以及上空宣示主权“是错的”，北京不应该要别人离开那个地区以避免冲突。 　　有西方媒体渲染说，杜特尔特对商业领袖发表演讲时对中国发出“罕见批评”，当时台下听他讲话的还包括美国大使和其他外国宾客。 　　仔细读西方媒体对杜特尔特演讲的报道，我们的感觉是，杜特尔特阐述的是马尼拉的一贯态度。南海存在领土主权和海洋权益争议，各方对那些争议的立场都未曾变化，但是自杜特尔特掌权以来，菲律宾改变了以往与中国开展争议的激进做法，它表现出愿意淡化双方分歧、让两国合作重新成为中菲关系主旋律的意愿。 　　我们注意到，杜特尔特在星期二的演讲中同时赞扬了中菲经济合作，他表示菲律宾改善了与中国的经济关系，而中国并没有向菲律宾索求什么。
 　　通过杜特尔特的这次演讲，我们看不出菲律宾方面有重新激化中菲领土纷争、将之放在推进两国经济合作之上的迹象。如果杜特尔特仅仅是面对美国大使和商界领袖做一次针对领土问题态度的阐释，与菲方准备将这一态度付诸新的行动比起来，所产生的影响和后果会是不一样的。菲律宾外长卡耶塔诺星期三对杜特尔特的讲话作了解释，他说杜特尔特的演讲表明菲律宾与北京的关系更亲密了，因为彼此越是亲密越能互相表明感情。他还说，杜特尔特希望围绕南海的争端只是中菲关系的一部分。
 　　尽管这样，杜特尔特总统阐释的内容还是有问题的。中国并非在南海上凭空造岛，而是扩建了原有岛礁，并且在上面建设了必要的基础设施。越南菲律宾都在南沙有过类似行动，尽管它们因为技术能力的限制，工程规模要小一些。
 　　南海的自由航行始终没有问题，问题是南海那么大，美军飞机和舰艇一去南海就到中国岛礁的邻近空域和水域骚扰，有很强的针对性，是彻头彻尾的挑衅。一个人总拿手在你眼前挥来挥去，虽然没碰到你的脸，但这种行为是不是很讨厌？
 　　杜特尔特表示担心：将来有一天那里会有一个鲁莽的指挥官就这么扣下了扳机。我们认为，他的这一警告应当多对美国军人去说。中国的岛礁已经在那里，美军少来展示肌肉，少打危险的擦边球，对保持南海和平稳定最重要。
 　　现在南海局势总的来说在域内国家的共同努力下得到了有效管控，未来的危险主要在域外国家、尤其是美国是否会推行更加冒险的南海政策上。
 　　南海的和平与稳定，域内国家是最大受益者。一旦出现新动荡，域内国家必将皆输。而美国等域外国家则可以利用南海纷争的激化来撬动这个地区，实现它们的利益最大化。这个道理恐怕域内国家都心照不宣。
 　　南海一些域内国家始终面临一种诱惑，那就是利用美方的南海战略构思，通过在中美间搞“平衡”，吸引美国更重视它们，向它们提供更多支持和援助，从而实现在大国中间左右逢源的利益最大化。但要指出，使这样的利用“恰到好处”是很难的，在有些时候，它们相当于火中取栗。
 　　所有域内国家不应为域外国家制造南海的军事紧张提供支点及杠杆，也不应鼓励域外国家单独在南海开展军事冒险行动，这应当是各方推动在大国间平衡战略的底线。这也是所有域内国家共同利益之所在。
",南海主权,chinese,huanqio-2018-08-15 23:15-26,2018-08-15 23:15,社评：杜特尔特未发出改变南海思维的信号,http://opinion.huanqiu.com/editorial/2018-08/12727648.html
27,"　　近来，英国在南海动作频频，引起国际舆论关注，也遭到中国政府的强烈反对和谴责。 　　去年9月，一艘英国海军船坞登陆舰擅自闯入我西沙群岛领海，被中国海军驱逐。12月，英国防长威廉姆森在接受英国媒体采访时表示，英国脱欧后将在新加坡和文莱建立军事基地。今年1月，英国皇家海军护卫舰在南海与美国军机和军舰举行联合军演，演练通讯、机动等科目。本月11日，威廉姆森在皇家三军联合研究所发表演讲时又宣布，英国将派遣“伊丽莎白”号航母，携F-35B战机前往亚太，展示“硬实力”。 　　作为大西洋的岛国，英国缘何不远万里，来南海寻衅滋事？威廉姆森在该研究所发表的长篇演讲，全面阐述了脱欧之后英国的国防战略，或许可以为解答这个问题提供一些线索。 　　威廉姆森声称，英国要建立全球军事存在。他认为，英国遇到了50年来未有之机遇，应抓住这个机遇，恢复旧联盟、建立新联盟，作出新的战略定位。在这个大国竞争的时代，英国不应仅仅满足于保护好自己的后院。英国是一个全球大国，拥有全球利益。英国在南海周边建立军事基地，标志英国自1960年代中期执行的从苏伊士运河以东地区撤离战略的终结，英国将成为“真正的全球角色”。 　　威廉姆森强调，英国要继续发挥对全球安全的领导作用。在罗列了英国在欧洲，特别是波罗的海、地中海、乌克兰、巴尔干等地区所发挥的军事领导作用之后，威廉姆森指出美国是英国“最紧密的伙伴”，英国要加强“五眼国家联盟”，要加强与新加坡和马来西亚、东盟、日本、韩国和印度等国家的关系，以在全世界实现英国影响力的投送和最大化。有人认为，英国脱欧之后在东南亚建立军事基地是脱欧入亚的表现，说明英国将把军事重点从欧洲转向亚太。这种看法是小看了英国的“雄心壮志”。
 　　威廉姆森还指出，英国要强化强军建设。海军要开发具有多种功能的濒海舰，并组建两支由濒海舰组成并辅之于护卫舰、补给舰、直升飞机的濒海舰队，一支将部署在印太地区，另一支游弋地中海、大西洋和波罗的海。空军要开发大批量能干扰和压制敌人防空系统的无人机。陆军将继续开展装备现代化建设。九九归一，所有这些举措都是为了提高部队的战斗力和杀伤力这个根本目标。
 　　从威廉姆森的演讲中，不难看出英国在南海寻衅滋事不是偶然的，其背后的逻辑有三点。
 　　一是不当二流国家的心态在作祟。二战结束以来，尽管英国人认识到国家命运发生了巨大变化，但就是不愿接受帝国每况愈下的颓势，从丘吉尔到现在的历代政治领导人都没有解决好这个问题，最终导致当前脱欧过程中出现进退两难的危局。英国在南海寻衅滋事意在展现其“军事大国”的形象，迎合人们“不服输”的心态，妄想再现当年日不落帝国的辉煌。
 　　二是紧跟美国当“小伙计”，刷存在感。英国心很大，但力不足。由于资金紧缺，开发威廉姆森演讲中提及的濒海舰和无人机两种武器系统实属纸上谈兵，更妄论把军事战线扩大到苏伊士运河以东地区。唯一可做的，便是派一两艘军舰跟着美国“大哥”到南海走一走，搞搞航行自由，或者举行联合军演，刷刷“大国”的存在感。然而，当前南海形势稳中趋好，牢牢处于中国等声索国的掌控之中，非美英等域外国家“搅局”所能撼动。
 　　三是扩大武器出口。作为世界上第六大武器出口国，英国在南海寻衅滋事，也有展示其武器、扩大军事装备出口、提振脱欧后英国经济的用意。
",南海主权,chinese,huanqio-2019-02-17 10:24-27,2019-02-17 10:24,专家解读英国缘何频频在南海寻衅滋事,http://mil.huanqiu.com/world/2019-02/14331637.html
28," 英国皇家海军伊丽莎白女王号航母 　　【环球网军事2月15日报道】据俄罗斯卫星通讯社2月14日报道，英国将向中国南海争议岛屿地区派遣搭载两个中队F-35B隐身战斗机的皇家舰队旗舰“伊丽莎白女王”号航空母舰。这是英国国防大臣加文·威廉姆森近日宣布的消息。他说，英国是南海的第二大投资国，为“捍卫利益”，应该展示出“强硬的力量”和“惊人的能力”。 　　报道称，英国在南海地区的军事存在近来确实有所增加。今年年初，英国皇家舰队的两艘战舰与美国一起在南海地区举行了联合演习。英国国防大臣加文·威廉姆森早前宣布了建设两个海军基地的计划：一个在东南亚，另一个在加勒比海域。他对此的解释是必须保护英国投资，但这个理由引起了诸多争议。 　　首先，英国的确是第二大投资国，但不是世界第二大投资国，而是欧盟的第二大投资国。联合国贸易和发展会议的统计数据表明，2017年度东联仍然是向东南亚诸国投资的最大投资方，占东南亚地区所有投资额的19.4%；接下来是日本和中国；排在第四位的是荷兰，荷兰是欧盟国家中对东南亚诸国投资最多的国家。英国对东南亚诸国的投资额仅占第9位。因此如果从投资额的逻辑来讲，荷兰人应该对维持东南亚地区的稳定局势上心得多才对。 　　此外，英国专家们自己也承认，出人意料上升的军事野心与英国国防领域的实际现状不相符。据《卫报》著名特约专栏作家西蒙·詹金斯写道，英国国防预算赤字至少达到70亿英镑。“伊丽莎白女王”号航空母舰将在2021年入列，唐宁街是否会批准这么昂贵的航行，尚且存在极大疑问，要知道任何类似行动都必须与英国首相进行协商。詹金斯写道，“伊丽莎白女王”号这种笨重的大型航母在南中国海将无事可做，在冲突情况下只会沦为活靶子，中国军舰在一小时内就能击沉它。
 　　中国国际问题研究院南太平洋研究所研究员沈世顺向卫星通讯社和广播电台证实，英军的这种行动没有任何现实的前提条件，况且类似军舰已经无法解决南海地区的任何任务。他说，英国只顾“秀肌肉”，但问题在于是否值值得这么做。
 　　沈世顺说：“至于英国派兵南海的真实目的，也只是秀一秀军事肌肉，展示自己所谓的硬实力，跟随和配合其盟友美国的步调。现在的世界早已不是”星条旗全球飘“的时代了，大英帝国殖民时代的雄风也已经成为历史，且殖民时代的思想已经是非常过时的了，历史也不会再重演，也不要再做日不落帝国这样的美梦了。早在新中国尚未正式成立之前，英国军舰就曾在长江横行霸道，就遭到了非常强硬的态度回应了。那么到了今天，中国已经不是当年那个被列强欺辱的弱国，如果英国在南海地区加强军事存在，如果英国军事存在涉及中国主权范围内的区域，我们会按照自己的正确方式维护国家尊严，予以回应。中国既不惹事，也不怕事。当然，英国要发展和南海周边国家的友好关系是可以的，符合英国利益，也符合南海周边国家的利益。如果是要来南海搅局，配合盟友美国的行动，不会受到周边国家的欢迎。”
 　　报道指出，东南亚国家联盟的伙伴们对英国在东南亚地区建设海军基地感到开心，这并不是事实。东南亚地区的军事化只会让地区局势不稳定，该地区的各国只能处在美国及其盟国与中国的对峙线上。而且对英国本身来说，在经济不确定的条件下，这种额外开支来的完全不是时候：欧盟将不可避免地把与英国脱欧相关的所有费用转嫁到英国头上。俄罗斯军事专家瓦西里·卡申认为，最主要的是，考虑到英国海军的现状，它在东南亚地区的存在几乎不能为美日澳已经拥有的军事潜力增添任何新的内容。他说，除了核潜艇之外，英国海军很早前就已经在几乎所有方面都次于日本和中国，在许多方面甚至逊于韩国海军。卡申认为，因此，除了嘲笑之外，英国海军的类似行动不会引起其亚洲盟国的任何反应。
",南海主权,chinese,huanqio-2019-02-15 10:21-28,2019-02-15 10:21,英航母要来南海？英专家：中国1小时内就能击沉,http://mil.huanqiu.com/world/2019-02/14316519.html
29," 澳大利亚海军潜艇部队 　　【环球时报报道 特约记者 李强 本报记者 郭媛丹】澳大利亚政府与法国船舰制造巨头日前正式签署总金额高达500亿澳元的合同，向后者订购12艘“攻击”级常规动力潜艇。据专家介绍，该型潜艇可以视作是一种“核改常”的超级常规动力潜艇，水下连续续航时间和海上自持力非常高，服役后南海可能成为该型潜艇的重点活动区域，这将加剧地区紧张局势。 　　“核改常”的超级常规潜艇 　　《新西兰先驱报》中文网12日报道称，首艘潜艇将于2030年交付。报道称，在2016年4月，法国击败日本和德国，在澳大利亚的潜艇建造招标中中标。同年12月，双方在澳大利亚正式签署军购协议。但由于澳大利亚国内媒体报道潜艇成本过高和生产延迟等负面消息，这项潜艇建造的最终合同被推迟至今。而据俄卫星新闻网报道，该潜艇的首艇将被命名为“攻击”号。 　　中国军事专家李杰13日接受《环球时报》记者采访时表示，澳大利亚从法国采购12艘潜艇的主要原因之一是因为自身“柯林斯”级潜艇老旧、性能差。同时，澳方目前有提升自身海军作战能力的综合需求。 　　接受《环球时报》记者采访的另一中国军事专家表示，“攻击”级潜艇可以被视为一款“核改常”潜艇。它是以法国新一代“梭鱼”级攻击型核潜艇为蓝本研制的常规动力潜艇，法国向澳大利亚推销时，曾以澳大利亚本土的物种“短鳍梭鱼”命名，后改名为“攻击”级。“梭鱼”级核潜艇的水下排水量超过5000吨，而“攻击”级排水量也高达4500吨，它采用先进流体力学外形和静音效果很好的泵喷主推进器，低速巡航时噪音有望低于核动力的“梭鱼”级，也低于海洋背景噪音。该级潜艇是竞标时所有方案中吨位最大的，也是目前世界上已经确认建造的最大吨位常规动力潜艇。由于使用了不依赖空气推进系统，水下潜航时间超过20天，海上自持力3个月。另外，由于该潜艇设计源于“梭鱼”级核动力潜艇，所以理论上也存在“常改核”的可能，可进一步提高水下续航性能，降低被发现概率。
 　　可执行多样化任务
 　　澳大利亚此次采购的潜艇设计来自法国，而潜艇的武器系统和传感器将由美国防务巨头洛克希德·马丁公司设计和安装。该公司于2018年和澳大利亚签署价值7亿澳元的合同，为澳大利亚未来潜艇项目设计、制造和集成作战系统。据分析，该作战系统可能基于AN/BYG-1作战系统研制，基本武器装备可能包括多型水雷、“鱼叉”反舰导弹、Mk48 Mod7重型鱼雷等。除了常规的反舰导弹、重型鱼雷以外，该潜艇还能装备射程超过1500公里的潜射巡航导弹。巡航导弹的装备，加上潜艇隐蔽性的特点，将极大提高澳大利亚海军的战略威慑能力。由于艇体较大，该艇还可以安装更多的电子监听、侦察装备。届时，该级潜艇将完成反潜、反舰、海上封锁、侦察监视、支援陆上作战和特种作战等任务。
 　　南海或将成为重要活动区域
 　　李杰认为，未来12艘潜艇中可能有4-6艘进入“堪培拉”级准航母编队，配合美国在南海巡航，战时甚至有可能执行封锁战略海峡的任务。
 　　一位中国匿名军事专家对《环球时报》记者表示，澳大利亚对亚太市场的依赖决定了南海是澳大利亚海上生命线，澳大利亚在近些年表现出对南海问题格外关注，因此南海或将成为澳大利亚潜艇的重要活动区域。不过，潜艇是进攻性武器，很难用于保护交通线。该专家指出，该级潜艇在南海区域活动，很可能执行情报收集和监视、海上打击、封锁以及支援陆上行动等任务。除了单独执行任务以外，还能与美日海上力量共享情报，甚至围堵中国的水下力量，配合美国海军在南海执行任务。
 　　李杰认为，澳方此举一方面意在显示自己在印太地区是除印度之外的另一地区大国，因此这些潜艇未来会更多执行独立巡航任务，会较少和美国舰艇组成编队。另一方面，美国也将要求澳大利亚在印太地区扮演更重要的角色。澳大利亚很有可能会参与美国在南海地区组织的联合演习、编队联合巡航等任务。
 　　《新西兰先驱报》中文网认为，一些评论家对澳法两国的军事合作感到遗憾，因为这无疑将加剧太平洋地区的紧张局势。
",南海主权,chinese,huanqio-2019-02-14 08:19-29,2019-02-14 08:19,澳斥巨资购12艘超级潜艇 专家:或在南海围堵中国,http://mil.huanqiu.com/world/2019-02/14306394.html
30,"　　【环球时报驻加拿大特约记者 陶短房】香港《亚洲时报》25日报道称，尽管加拿大海军在西太平洋海域的活动在过去两年间大幅增加，并一度引发外界各种猜测，但加拿大政府和军方已表示将在中美南海争端中采取谨慎态度，避免挑战中国。 　　目前，加拿大海军护卫舰“卡尔加里”号正在东亚海域执行任务。此前该舰指挥官萨尔特尔曾表示，加拿大有意每年向东亚海域派遣一两艘舰艇执行任务。有媒体据此猜测，加拿大准备参与美国在南海的“自由航行”行动。 　　对此，加拿大国防部在回应《亚洲时报》的置评请求时说，加拿大皇家海军是全球部署的军队，在其他海域支持盟国和伙伴，以改善全球各区域安全和稳定，符合加拿大国防政策。该报称，对于在存在争议的南海执行任务的构想，加拿大持谨慎态度。该国国防部表示，尽管加拿大支持根据国际法而制定的航行和飞越自由，但原则上不会介入外国领海或存在主权争端的海域。 　　加拿大全球事务研究所副总裁大卫·佩里注意到，加拿大政府和军方仅将“卡尔加里”号等军舰在东亚海域的部署和执行任务称作“前沿巡逻”，而避免使用“自由航行”。他认为这具有重要意义，表明加拿大并不想冒得罪中国这个重要贸易伙伴的风险，去执行这样一项任务。
 　　对于加拿大军舰在南海的航行，以及在日本海域和美国、日本军舰的联合反潜演习等，加拿大国防部官员告诉《亚洲时报》，加拿大皇家海军一直在亚太地区保持存在。但他们也强调，加拿大政府致力于发展和中国的防务关系。该报称，加拿大和中国的关系很可能成为特鲁多政府决定和实施加拿大海洋战略的重要考量。
",南海主权,chinese,huanqio-2018-11-26 09:22-30,2018-11-26 09:22,是否加入美南海“自由航行”？加拿大态度很谨慎,http://mil.huanqiu.com/world/2018-11/13640976.html
31,"　　美国《华盛顿邮报》10月9日文章，原题：特朗普总统正如何帮助中国在南海获胜  多年来，中国一直与美国在南海争斗。中国之道是遵循古老的孙子兵法“不战而屈人之兵”。中国人一直是每次迈出一小步：在这里开垦个岛屿，在那里修建一条飞机跑道，在争议海域临时部署一座石油钻塔，设置一个行政区等。每步都旨在形成一种“小现实”，却不会引发其他方的军事反应。 　　鉴于中国的地缘政治目标合情合理，其政策完全合理。北京如今在南海的做法，与美国19世纪和20世纪初寻求在周边海域确立战略支配地位时在加勒比海的做法很类似。对南海的有效控制将令中国能自由出入更广阔的太平洋并进一步“软化”台湾地区，最重要的是，这正令中国成为一个“两洋”海军强国。实际上，南海是通往印度洋的门户，而后者是21世纪至关重要的水域，相当于中东油田和东亚各大都市之间的全球能源“州际公路”。中国在南海的行动与其打造从印度洋到苏伊士运河和东地中海的“商业帝国”密不可分。 　　从中国视角看，美国才是好斗的霸权国家。美国海军从遥远的北美驶入南海，而后者如同加勒比海之于美国，是中国的“后院水域”。美国须直面一种重要现实：西太平洋不再是美海军一家独大的“湖泊”，中国重获大国身份必定带来一种更为复杂的多极状况。(如今)美国必须在印太地区为中国的空军、海军力量至少腾出一定空间，而关键问题在于腾出多少空间。 　　谨记，美国在南海周边的主要盟友越南和菲律宾别无选择，只能与体量庞大、经济上占主导地位且地理上更靠近的中国和睦相处。这些国家需要美国扮演制衡中国的角色，而非彻底成为中国的敌人。他们深知美国在亚洲的强大军事存在终究具有可选择性，所以中国才是在地区行事的核心考量要素。特朗普已向亚洲盟友传递出更多不确定性。这可能迫使这些国家决定单独与中国达成谅解。此类过程将悄然进行，鲜被承认。但总有一天，我们(美国)将被唤醒并意识到亚洲已发生不可逆转的变化。
",南海主权,chinese,huanqio-2018-10-11 06:20-31,2018-10-11 06:20,美媒：在南海，中国不战而屈人之兵,http://oversea.huanqiu.com/article/2018-10/13228402.html
